{
  "name": "quick-start",
  "version": "1.1.0",
  "title": "Quick Start",
  "author": "Pasukaru",
  "contact": "",
  "homepage": "",
  "factorio_version": "0.15",
  "dependencies": ["base >= 0.15"],
  "description": "Start with one of three kits to jump start your Factorio experience. The kit can be selected in the mod config settings. \n\nSmall:\nA few belts, burner mining drills and plates.\n\nMedium:\nConstruction Robots, Personal Roboport, Assembling Machines, Electricity, Car\n\nBig:\nLots of Belt, Poles, Assembling Machine 2's, Logistic Chest (Request/Provider), Roboports, Logistic + Construction Robots and other stuff.\nThis kit also unlocks all technologies required by the logistics system."
}